step,frac_a,frac_a_min,frac_a_max,ensemble
0,0.001,0.0,0.0010526315789473684,1
1,0.0,0.0,0.0,1
0,0.001,0.0,0.0010526315789473684,2
1,0.0,0.0,0.0,2
0,0.001,0.0,0.0010526315789473684,3
1,0.001,0.0,0.0010526315789473684,3
2,0.001,0.0,0.0010526315789473684,3
3,0.0,0.0,0.0,3
0,0.001,0.0,0.0010526315789473684,4
1,0.002,0.0,0.002105263157894737,4
2,0.002,0.0,0.002105263157894737,4
3,0.001,0.0,0.0010526315789473684,4
4,0.002,0.0,0.002105263157894737,4
5,0.002,0.0,0.002105263157894737,4
6,0.001,0.0,0.0010526315789473684,4
7,0.0,0.0,0.0,4
0,0.001,0.0,0.0010526315789473684,5
1,0.001,0.0,0.0010526315789473684,5
2,0.0,0.0,0.0,5
0,0.001,0.0,0.0010526315789473684,6
1,0.0,0.0,0.0,6
0,0.001,0.0,0.0010526315789473684,7
1,0.0,0.0,0.0,7
0,0.001,0.0,0.0010526315789473684,8
1,0.0,0.0,0.0,8
0,0.001,0.0,0.0010526315789473684,9
1,0.002,0.0,0.002105263157894737,9
2,0.002,0.0,0.002105263157894737,9
3,0.001,0.0,0.0010526315789473684,9
4,0.001,0.0,0.0010526315789473684,9
5,0.001,0.0,0.0010526315789473684,9
6,0.0,0.0,0.0,9
0,0.001,0.0,0.0010526315789473684,10
1,0.0,0.0,0.0,10
